market,date,sierra_width,databento_width,absolute_difference,sierra_eligible_4_120,databento_eligible_4_120,classification_disagreement
NQ,2023-01-03,190.75,190.75,0.0,False,False,False
NQ,2023-01-04,92.0,92.0,0.0,True,True,False
NQ,2023-01-05,110.0,110.0,0.0,True,True,False
NQ,2023-01-06,178.75,178.75,0.0,False,False,False
NQ,2023-01-09,117.0,117.0,0.0,True,True,False
NQ,2023-01-10,108.0,108.0,0.0,True,True,False
NQ,2023-01-11,72.25,72.25,0.0,True,True,False
NQ,2023-01-12,207.5,207.5,0.0,False,False,False
NQ,2023-01-13,68.5,68.5,0.0,True,True,False
NQ,2023-01-17,77.75,77.75,0.0,True,True,False
NQ,2023-01-18,54.5,54.5,0.0,True,True,False
NQ,2023-01-19,97.75,97.75,0.0,True,True,False
NQ,2023-01-20,89.5,89.5,0.0,True,True,False
NQ,2023-01-23,149.75,149.75,0.0,False,False,False
NQ,2023-01-24,111.25,111.25,0.0,True,True,False
NQ,2023-01-25,102.0,102.0,0.0,True,True,False
NQ,2023-01-26,128.0,128.0,0.0,False,False,False
NQ,2023-01-27,105.25,105.25,0.0,True,True,False
NQ,2023-01-30,72.0,72.0,0.0,True,True,False
NQ,2023-01-31,86.25,86.25,0.0,True,True,False
NQ,2023-02-01,56.75,56.75,0.0,True,True,False
NQ,2023-02-02,79.5,79.5,0.0,True,True,False
NQ,2023-02-03,195.75,195.75,0.0,False,False,False
NQ,2023-02-06,66.5,66.5,0.0,True,True,False
NQ,2023-02-07,65.5,65.5,0.0,True,True,False
NQ,2023-02-08,89.5,89.5,0.0,True,True,False
NQ,2023-02-09,94.25,94.25,0.0,True,True,False
NQ,2023-02-10,82.5,82.5,0.0,True,True,False
NQ,2023-02-13,113.75,113.75,0.0,True,True,False
NQ,2023-02-14,211.25,211.25,0.0,False,False,False
NQ,2023-02-15,88.0,88.0,0.0,True,True,False
NQ,2023-02-16,95.5,95.5,0.0,True,True,False
NQ,2023-02-17,127.5,127.5,0.0,False,False,False
NQ,2023-02-21,73.5,73.5,0.0,True,True,False
NQ,2023-02-22,59.0,59.0,0.0,True,True,False
NQ,2023-02-23,62.5,62.5,0.0,True,True,False
NQ,2023-02-24,87.75,87.75,0.0,True,True,False
NQ,2023-02-27,45.25,45.25,0.0,True,True,False
NQ,2023-02-28,71.75,71.75,0.0,True,True,False
NQ,2023-03-01,75.5,75.5,0.0,True,True,False
NQ,2023-03-02,65.25,65.25,0.0,True,True,False
NQ,2023-03-03,88.0,88.0,0.0,True,True,False
NQ,2023-03-06,49.25,49.25,0.0,True,True,False
NQ,2023-03-07,49.75,49.75,0.0,True,True,False
NQ,2023-03-08,61.0,61.0,0.0,True,True,False
NQ,2023-03-09,109.5,109.5,0.0,True,True,False
NQ,2023-03-10,162.5,162.5,0.0,False,False,False
NQ,2023-03-13,216.75,216.75,0.0,False,False,False
NQ,2023-03-14,90.25,90.25,0.0,True,True,False
NQ,2023-03-15,82.75,82.75,0.0,True,True,False
NQ,2023-03-16,104.5,104.5,0.0,True,True,False
NQ,2023-03-17,72.25,72.25,0.0,True,True,False
NQ,2023-03-20,103.5,103.5,0.0,True,True,False
NQ,2023-03-21,54.5,54.5,0.0,True,True,False
NQ,2023-03-22,44.5,44.5,0.0,True,True,False
NQ,2023-03-23,49.25,49.25,0.0,True,True,False
NQ,2023-03-24,108.5,108.5,0.0,True,True,False
NQ,2023-03-27,84.5,84.5,0.0,True,True,False
NQ,2023-03-28,94.5,94.5,0.0,True,True,False
NQ,2023-03-29,47.0,47.0,0.0,True,True,False
NQ,2023-03-30,44.25,44.25,0.0,True,True,False
NQ,2023-03-31,73.75,73.75,0.0,True,True,False
NQ,2023-04-03,63.5,63.5,0.0,True,True,False
NQ,2023-04-04,66.25,66.25,0.0,True,True,False
NQ,2023-04-05,62.0,62.0,0.0,True,True,False
NQ,2023-04-06,60.25,60.25,0.0,True,True,False
NQ,2023-04-10,82.75,82.75,0.0,True,True,False
NQ,2023-04-11,67.75,67.75,0.0,True,True,False
NQ,2023-04-12,147.0,147.0,0.0,False,False,False
NQ,2023-04-13,61.0,61.0,0.0,True,True,False
NQ,2023-04-14,118.25,118.25,0.0,True,True,False
NQ,2023-04-17,64.75,64.75,0.0,True,True,False
NQ,2023-04-18,55.75,55.75,0.0,True,True,False
NQ,2023-04-19,52.25,52.25,0.0,True,True,False
NQ,2023-04-20,78.5,78.5,0.0,True,True,False
NQ,2023-04-21,79.5,79.5,0.0,True,True,False
NQ,2023-04-24,80.0,80.0,0.0,True,True,False
NQ,2023-04-25,49.5,49.5,0.0,True,True,False
NQ,2023-04-26,65.5,65.5,0.0,True,True,False
NQ,2023-04-27,49.0,49.0,0.0,True,True,False
NQ,2023-04-28,71.75,71.75,0.0,True,True,False
NQ,2023-05-01,42.5,42.5,0.0,True,True,False
NQ,2023-05-02,47.5,47.5,0.0,True,True,False
NQ,2023-05-03,54.0,54.0,0.0,True,True,False
NQ,2023-05-04,59.0,59.0,0.0,True,True,False
NQ,2023-05-05,68.75,68.75,0.0,True,True,False
NQ,2023-05-08,49.0,49.0,0.0,True,True,False
NQ,2023-05-09,37.0,37.0,0.0,True,True,False
NQ,2023-05-10,95.75,95.75,0.0,True,True,False
NQ,2023-05-11,61.0,61.0,0.0,True,True,False
NQ,2023-05-12,48.25,48.25,0.0,True,True,False
NQ,2023-05-15,54.0,54.0,0.0,True,True,False
NQ,2023-05-16,81.25,81.25,0.0,True,True,False
NQ,2023-05-17,64.5,64.5,0.0,True,True,False
NQ,2023-05-18,65.25,65.25,0.0,True,True,False
NQ,2023-05-19,50.75,50.75,0.0,True,True,False
NQ,2023-05-22,99.75,99.75,0.0,True,True,False
NQ,2023-05-23,54.75,54.75,0.0,True,True,False
NQ,2023-05-24,54.25,54.25,0.0,True,True,False
NQ,2023-05-25,114.5,114.5,0.0,True,True,False
NQ,2023-05-26,109.25,109.25,0.0,True,True,False
NQ,2023-05-30,131.75,131.75,0.0,False,False,False
NQ,2023-05-31,88.25,88.25,0.0,True,True,False
NQ,2023-06-01,71.75,71.75,0.0,True,True,False
NQ,2023-06-02,154.5,154.5,0.0,False,False,False
NQ,2023-06-05,84.5,84.5,0.0,True,True,False
NQ,2023-06-06,57.25,57.25,0.0,True,True,False
NQ,2023-06-07,83.25,83.25,0.0,True,True,False
NQ,2023-06-08,69.0,69.0,0.0,True,True,False
NQ,2023-06-09,111.5,111.5,0.0,True,True,False
NQ,2023-06-12,37.0,37.0,0.0,True,True,False
NQ,2023-06-13,118.25,118.25,0.0,True,True,False
NQ,2023-06-14,71.25,71.25,0.0,True,True,False
NQ,2023-06-15,108.25,108.25,0.0,True,True,False
NQ,2023-06-16,142.5,142.5,0.0,False,False,False
NQ,2023-06-20,106.25,106.25,0.0,True,True,False
NQ,2023-06-21,102.75,102.75,0.0,True,True,False
NQ,2023-06-22,132.75,132.75,0.0,False,False,False
NQ,2023-06-23,102.5,102.5,0.0,True,True,False
NQ,2023-06-26,115.25,115.25,0.0,True,True,False
NQ,2023-06-27,72.5,72.5,0.0,True,True,False
NQ,2023-06-28,82.5,82.5,0.0,True,True,False
NQ,2023-06-29,66.75,66.75,0.0,True,True,False
NQ,2023-06-30,92.0,92.0,0.0,True,True,False
NQ,2023-07-05,103.25,103.25,0.0,True,True,False
NQ,2023-07-06,85.0,85.0,0.0,True,True,False
NQ,2023-07-07,88.0,88.0,0.0,True,True,False
NQ,2023-07-10,129.25,129.25,0.0,False,False,False
NQ,2023-07-11,92.0,92.0,0.0,True,True,False
NQ,2023-07-12,61.5,61.5,0.0,True,True,False
NQ,2023-07-13,69.25,69.25,0.0,True,True,False
NQ,2023-07-14,90.25,90.25,0.0,True,True,False
NQ,2023-07-17,72.75,72.75,0.0,True,True,False
NQ,2023-07-18,83.0,83.0,0.0,True,True,False
NQ,2023-07-19,59.5,59.5,0.0,True,True,False
NQ,2023-07-20,63.25,63.25,0.0,True,True,False
NQ,2023-07-21,98.0,98.0,0.0,True,True,False
NQ,2023-07-24,135.0,135.0,0.0,False,False,False
NQ,2023-07-25,82.0,82.0,0.0,True,True,False
NQ,2023-07-26,73.25,73.25,0.0,True,True,False
NQ,2023-07-27,81.0,81.0,0.0,True,True,False
NQ,2023-07-28,104.0,104.0,0.0,True,True,False
NQ,2023-07-31,99.75,99.75,0.0,True,True,False
NQ,2023-08-01,43.75,43.75,0.0,True,True,False
NQ,2023-08-02,87.25,87.25,0.0,True,True,False
NQ,2023-08-03,106.75,106.75,0.0,True,True,False
NQ,2023-08-04,143.5,143.5,0.0,False,False,False
NQ,2023-08-07,99.75,99.75,0.0,True,True,False
NQ,2023-08-08,105.5,105.5,0.0,True,True,False
NQ,2023-08-09,104.75,104.75,0.0,True,True,False
NQ,2023-08-10,152.25,152.25,0.0,False,False,False
NQ,2023-08-11,64.75,64.75,0.0,True,True,False
NQ,2023-08-14,91.25,91.25,0.0,True,True,False
NQ,2023-08-15,84.0,84.0,0.0,True,True,False
NQ,2023-08-16,76.75,76.75,0.0,True,True,False
NQ,2023-08-17,99.5,99.5,0.0,True,True,False
NQ,2023-08-18,73.5,73.5,0.0,True,True,False
NQ,2023-08-21,108.0,108.0,0.0,True,True,False
NQ,2023-08-22,94.5,94.5,0.0,True,True,False
NQ,2023-08-23,105.75,105.75,0.0,True,True,False
NQ,2023-08-24,154.75,154.75,0.0,False,False,False
NQ,2023-08-25,62.75,62.75,0.0,True,True,False
NQ,2023-08-28,122.0,122.0,0.0,False,False,False
NQ,2023-08-29,112.25,112.25,0.0,True,True,False
NQ,2023-08-30,90.5,90.5,0.0,True,True,False
NQ,2023-08-31,79.25,79.25,0.0,True,True,False
NQ,2023-09-01,154.0,154.0,0.0,False,False,False
NQ,2023-09-05,60.75,60.75,0.0,True,True,False
NQ,2023-09-06,53.75,53.75,0.0,True,True,False
NQ,2023-09-07,83.5,83.5,0.0,True,True,False
NQ,2023-09-08,101.75,101.75,0.0,True,True,False
NQ,2023-09-11,96.5,96.5,0.0,True,True,False
NQ,2023-09-12,73.25,73.25,0.0,True,True,False
NQ,2023-09-13,68.0,68.0,0.0,True,True,False
NQ,2023-09-14,102.5,102.5,0.0,True,True,False
NQ,2023-09-15,138.5,138.5,0.0,False,False,False
NQ,2023-09-18,92.0,92.0,0.0,True,True,False
NQ,2023-09-19,70.0,70.0,0.0,True,True,False
NQ,2023-09-20,60.25,60.25,0.0,True,True,False
NQ,2023-09-21,91.0,91.0,0.0,True,True,False
NQ,2023-09-22,62.5,62.5,0.0,True,True,False
NQ,2023-09-25,114.0,114.0,0.0,True,True,False
NQ,2023-09-26,82.25,82.25,0.0,True,True,False
NQ,2023-09-27,56.75,56.75,0.0,True,True,False
NQ,2023-09-28,89.75,89.75,0.0,True,True,False
NQ,2023-09-29,67.5,67.5,0.0,True,True,False
NQ,2023-10-02,113.25,113.25,0.0,True,True,False
NQ,2023-10-03,101.25,101.25,0.0,True,True,False
NQ,2023-10-04,85.5,85.5,0.0,True,True,False
NQ,2023-10-05,107.5,107.5,0.0,True,True,False
NQ,2023-10-06,98.75,98.75,0.0,True,True,False
NQ,2023-10-09,113.0,113.0,0.0,True,True,False
NQ,2023-10-10,61.25,61.25,0.0,True,True,False
NQ,2023-10-11,70.0,70.0,0.0,True,True,False
NQ,2023-10-12,50.25,50.25,0.0,True,True,False
NQ,2023-10-13,64.25,64.25,0.0,True,True,False
NQ,2023-10-16,91.25,91.25,0.0,True,True,False
NQ,2023-10-17,91.75,91.75,0.0,True,True,False
NQ,2023-10-18,76.25,76.25,0.0,True,True,False
NQ,2023-10-19,87.75,87.75,0.0,True,True,False
NQ,2023-10-20,75.25,75.25,0.0,True,True,False
NQ,2023-10-23,128.5,128.5,0.0,False,False,False
NQ,2023-10-24,79.5,79.5,0.0,True,True,False
NQ,2023-10-25,144.0,144.0,0.0,False,False,False
NQ,2023-10-26,145.5,145.5,0.0,False,False,False
NQ,2023-10-27,66.0,66.0,0.0,True,True,False
NQ,2023-10-30,141.75,141.75,0.0,False,False,False
NQ,2023-10-31,117.5,117.5,0.0,True,True,False
NQ,2023-11-01,66.25,66.25,0.0,True,True,False
NQ,2023-11-02,51.75,51.75,0.0,True,True,False
NQ,2023-11-03,99.25,99.25,0.0,True,True,False
NQ,2023-11-06,60.5,60.5,0.0,True,True,False
NQ,2023-11-07,79.25,79.25,0.0,True,True,False
NQ,2023-11-08,43.5,43.5,0.0,True,True,False
NQ,2023-11-09,57.5,57.5,0.0,True,True,False
NQ,2023-11-10,85.25,85.25,0.0,True,True,False
NQ,2023-11-13,73.75,73.75,0.0,True,True,False
NQ,2023-11-14,77.25,77.25,0.0,True,True,False
NQ,2023-11-15,67.5,67.5,0.0,True,True,False
NQ,2023-11-16,72.75,72.75,0.0,True,True,False
NQ,2023-11-17,49.25,49.25,0.0,True,True,False
NQ,2023-11-20,102.25,102.25,0.0,True,True,False
NQ,2023-11-21,40.5,40.5,0.0,True,True,False
NQ,2023-11-22,138.5,138.5,0.0,False,False,False
NQ,2023-11-27,67.25,67.25,0.0,True,True,False
NQ,2023-11-28,49.0,49.0,0.0,True,True,False
NQ,2023-11-29,62.0,62.0,0.0,True,True,False
NQ,2023-11-30,105.0,105.0,0.0,True,True,False
NQ,2023-12-01,67.75,67.75,0.0,True,True,False
NQ,2023-12-04,53.5,53.5,0.0,True,True,False
NQ,2023-12-05,81.0,81.0,0.0,True,True,False
NQ,2023-12-06,101.5,101.5,0.0,True,True,False
NQ,2023-12-07,94.5,94.5,0.0,True,True,False
NQ,2023-12-08,78.75,78.75,0.0,True,True,False
NQ,2023-12-11,95.0,95.0,0.0,True,True,False
NQ,2023-12-12,71.0,71.0,0.0,True,True,False
NQ,2023-12-13,60.0,60.0,0.0,True,True,False
NQ,2023-12-14,65.75,65.75,0.0,True,True,False
NQ,2023-12-15,64.25,64.25,0.0,True,True,False
NQ,2023-12-18,50.5,50.5,0.0,True,True,False
NQ,2023-12-19,51.0,51.0,0.0,True,True,False
NQ,2023-12-20,53.0,53.0,0.0,True,True,False
NQ,2023-12-21,73.25,73.25,0.0,True,True,False
NQ,2023-12-22,52.25,52.25,0.0,True,True,False
NQ,2023-12-26,46.5,46.5,0.0,True,True,False
NQ,2023-12-27,30.0,30.0,0.0,True,True,False
NQ,2023-12-28,44.25,44.25,0.0,True,True,False
NQ,2023-12-29,33.75,33.75,0.0,True,True,False
ES,2023-01-03,48.25,48.25,0.0,True,True,False
ES,2023-01-04,23.0,23.0,0.0,True,True,False
ES,2023-01-05,29.75,29.75,0.0,True,True,False
ES,2023-01-06,46.0,46.0,0.0,True,True,False
ES,2023-01-09,24.0,24.0,0.0,True,True,False
ES,2023-01-10,22.5,22.5,0.0,True,True,False
ES,2023-01-11,13.75,13.75,0.0,True,True,False
ES,2023-01-12,45.75,45.75,0.0,True,True,False
ES,2023-01-13,19.25,19.25,0.0,True,True,False
ES,2023-01-17,15.0,15.0,0.0,True,True,False
ES,2023-01-18,13.25,13.25,0.0,True,True,False
ES,2023-01-19,18.25,18.25,0.0,True,True,False
ES,2023-01-20,18.25,18.25,0.0,True,True,False
ES,2023-01-23,26.25,26.25,0.0,True,True,False
ES,2023-01-24,21.75,21.75,0.0,True,True,False
ES,2023-01-25,23.75,23.75,0.0,True,True,False
ES,2023-01-26,33.0,33.0,0.0,True,True,False
ES,2023-01-27,20.75,20.75,0.0,True,True,False
ES,2023-01-30,19.5,19.5,0.0,True,True,False
ES,2023-01-31,14.75,14.75,0.0,True,True,False
ES,2023-02-01,16.25,16.25,0.0,True,True,False
ES,2023-02-02,18.0,18.0,0.0,True,True,False
ES,2023-02-03,29.75,29.75,0.0,True,True,False
ES,2023-02-06,15.5,15.5,0.0,True,True,False
ES,2023-02-07,11.0,11.0,0.0,True,True,False
ES,2023-02-08,16.75,16.75,0.0,True,True,False
ES,2023-02-09,16.5,16.5,0.0,True,True,False
ES,2023-02-10,15.25,15.25,0.0,True,True,False
ES,2023-02-13,21.75,21.75,0.0,True,True,False
ES,2023-02-14,42.5,42.5,0.0,True,True,False
ES,2023-02-15,19.25,19.25,0.0,True,True,False
ES,2023-02-16,15.5,15.5,0.0,True,True,False
ES,2023-02-17,26.5,26.5,0.0,True,True,False
ES,2023-02-21,19.0,19.0,0.0,True,True,False
ES,2023-02-22,11.75,11.75,0.0,True,True,False
ES,2023-02-23,14.25,14.25,0.0,True,True,False
ES,2023-02-24,23.25,23.25,0.0,True,True,False
ES,2023-02-27,13.0,13.0,0.0,True,True,False
ES,2023-02-28,15.75,15.75,0.0,True,True,False
ES,2023-03-01,15.5,15.5,0.0,True,True,False
ES,2023-03-02,12.75,12.75,0.0,True,True,False
ES,2023-03-03,18.0,18.0,0.0,True,True,False
ES,2023-03-06,11.25,11.25,0.0,True,True,False
ES,2023-03-07,6.0,6.0,0.0,True,True,False
ES,2023-03-08,11.75,11.75,0.0,True,True,False
ES,2023-03-09,21.25,21.25,0.0,True,True,False
ES,2023-03-10,37.25,37.25,0.0,True,True,False
ES,2023-03-13,56.0,56.0,0.0,True,True,False
ES,2023-03-14,21.0,21.0,0.0,True,True,False
ES,2023-03-15,26.25,26.25,0.0,True,True,False
ES,2023-03-16,24.0,24.0,0.0,True,True,False
ES,2023-03-17,19.75,19.75,0.0,True,True,False
ES,2023-03-20,21.25,21.25,0.0,True,True,False
ES,2023-03-21,9.5,9.5,0.0,True,True,False
ES,2023-03-22,8.0,8.0,0.0,True,True,False
ES,2023-03-23,12.75,12.75,0.0,True,True,False
ES,2023-03-24,26.75,26.75,0.0,True,True,False
ES,2023-03-27,15.75,15.75,0.0,True,True,False
ES,2023-03-28,10.75,10.75,0.0,True,True,False
ES,2023-03-29,7.0,7.0,0.0,True,True,False
ES,2023-03-30,6.5,6.5,0.0,True,True,False
ES,2023-03-31,13.25,13.25,0.0,True,True,False
ES,2023-04-03,19.0,19.0,0.0,True,True,False
ES,2023-04-04,12.5,12.5,0.0,True,True,False
ES,2023-04-05,8.75,8.75,0.0,True,True,False
ES,2023-04-06,12.75,12.75,0.0,True,True,False
ES,2023-04-10,9.25,9.25,0.0,True,True,False
ES,2023-04-11,9.25,9.25,0.0,True,True,False
ES,2023-04-12,20.25,20.25,0.0,True,True,False
ES,2023-04-13,8.5,8.5,0.0,True,True,False
ES,2023-04-14,23.0,23.0,0.0,True,True,False
ES,2023-04-17,10.0,10.0,0.0,True,True,False
ES,2023-04-18,12.5,12.5,0.0,True,True,False
ES,2023-04-19,5.5,5.5,0.0,True,True,False
ES,2023-04-20,12.25,12.25,0.0,True,True,False
ES,2023-04-21,14.0,14.0,0.0,True,True,False
ES,2023-04-24,10.5,10.5,0.0,True,True,False
ES,2023-04-25,11.5,11.5,0.0,True,True,False
ES,2023-04-26,9.75,9.75,0.0,True,True,False
ES,2023-04-27,11.25,11.25,0.0,True,True,False
ES,2023-04-28,13.75,13.75,0.0,True,True,False
ES,2023-05-01,13.25,13.25,0.0,True,True,False
ES,2023-05-02,12.25,12.25,0.0,True,True,False
ES,2023-05-03,14.5,14.5,0.0,True,True,False
ES,2023-05-04,24.5,24.5,0.0,True,True,False
ES,2023-05-05,17.25,17.25,0.0,True,True,False
ES,2023-05-08,12.5,12.5,0.0,True,True,False
ES,2023-05-09,10.0,10.0,0.0,True,True,False
ES,2023-05-10,31.0,31.0,0.0,True,True,False
ES,2023-05-11,19.75,19.75,0.0,True,True,False
ES,2023-05-12,11.5,11.5,0.0,True,True,False
ES,2023-05-15,15.75,15.75,0.0,True,True,False
ES,2023-05-16,15.5,15.5,0.0,True,True,False
ES,2023-05-17,18.25,18.25,0.0,True,True,False
ES,2023-05-18,8.25,8.25,0.0,True,True,False
ES,2023-05-19,9.5,9.5,0.0,True,True,False
ES,2023-05-22,17.5,17.5,0.0,True,True,False
ES,2023-05-23,12.25,12.25,0.0,True,True,False
ES,2023-05-24,15.0,15.0,0.0,True,True,False
ES,2023-05-25,22.5,22.5,0.0,True,True,False
ES,2023-05-26,22.0,22.0,0.0,True,True,False
ES,2023-05-30,15.25,15.25,0.0,True,True,False
ES,2023-05-31,12.0,12.0,0.0,True,True,False
ES,2023-06-01,15.0,15.0,0.0,True,True,False
ES,2023-06-02,20.75,20.75,0.0,True,True,False
ES,2023-06-05,12.75,12.75,0.0,True,True,False
ES,2023-06-06,8.5,8.5,0.0,True,True,False
ES,2023-06-07,13.0,13.0,0.0,True,True,False
ES,2023-06-08,13.0,13.0,0.0,True,True,False
ES,2023-06-09,14.0,14.0,0.0,True,True,False
ES,2023-06-12,9.25,9.25,0.0,True,True,False
ES,2023-06-13,21.75,21.75,0.0,True,True,False
ES,2023-06-14,12.25,12.25,0.0,True,True,False
ES,2023-06-15,27.0,27.0,0.0,True,True,False
ES,2023-06-16,24.5,24.5,0.0,True,True,False
ES,2023-06-20,11.25,11.25,0.0,True,True,False
ES,2023-06-21,14.0,14.0,0.0,True,True,False
ES,2023-06-22,15.75,15.75,0.0,True,True,False
ES,2023-06-23,9.0,9.0,0.0,True,True,False
ES,2023-06-26,18.75,18.75,0.0,True,True,False
ES,2023-06-27,11.25,11.25,0.0,True,True,False
ES,2023-06-28,9.25,9.25,0.0,True,True,False
ES,2023-06-29,14.25,14.25,0.0,True,True,False
ES,2023-06-30,15.75,15.75,0.0,True,True,False
ES,2023-07-05,14.75,14.75,0.0,True,True,False
ES,2023-07-06,16.5,16.5,0.0,True,True,False
ES,2023-07-07,17.25,17.25,0.0,True,True,False
ES,2023-07-10,13.25,13.25,0.0,True,True,False
ES,2023-07-11,14.5,14.5,0.0,True,True,False
ES,2023-07-12,12.5,12.5,0.0,True,True,False
ES,2023-07-13,11.0,11.0,0.0,True,True,False
ES,2023-07-14,7.75,7.75,0.0,True,True,False
ES,2023-07-17,7.5,7.5,0.0,True,True,False
ES,2023-07-18,16.5,16.5,0.0,True,True,False
ES,2023-07-19,11.5,11.5,0.0,True,True,False
ES,2023-07-20,11.0,11.0,0.0,True,True,False
ES,2023-07-21,15.0,15.0,0.0,True,True,False
ES,2023-07-24,17.75,17.75,0.0,True,True,False
ES,2023-07-25,13.0,13.0,0.0,True,True,False
ES,2023-07-26,7.25,7.25,0.0,True,True,False
ES,2023-07-27,8.0,8.0,0.0,True,True,False
ES,2023-07-28,14.75,14.75,0.0,True,True,False
ES,2023-07-31,17.5,17.5,0.0,True,True,False
ES,2023-08-01,9.0,9.0,0.0,True,True,False
ES,2023-08-02,11.75,11.75,0.0,True,True,False
ES,2023-08-03,14.0,14.0,0.0,True,True,False
ES,2023-08-04,18.0,18.0,0.0,True,True,False
ES,2023-08-07,14.25,14.25,0.0,True,True,False
ES,2023-08-08,21.25,21.25,0.0,True,True,False
ES,2023-08-09,12.25,12.25,0.0,True,True,False
ES,2023-08-10,33.0,33.0,0.0,True,True,False
ES,2023-08-11,13.25,13.25,0.0,True,True,False
ES,2023-08-14,9.5,9.5,0.0,True,True,False
ES,2023-08-15,16.75,16.75,0.0,True,True,False
ES,2023-08-16,18.25,18.25,0.0,True,True,False
ES,2023-08-17,16.0,16.0,0.0,True,True,False
ES,2023-08-18,22.75,22.75,0.0,True,True,False
ES,2023-08-21,14.0,14.0,0.0,True,True,False
ES,2023-08-22,16.75,16.75,0.0,True,True,False
ES,2023-08-23,15.25,15.25,0.0,True,True,False
ES,2023-08-24,16.0,16.0,0.0,True,True,False
ES,2023-08-25,9.75,9.75,0.0,True,True,False
ES,2023-08-28,14.5,14.5,0.0,True,True,False
ES,2023-08-29,18.25,18.25,0.0,True,True,False
ES,2023-08-30,19.0,19.0,0.0,True,True,False
ES,2023-08-31,12.0,12.0,0.0,True,True,False
ES,2023-09-01,25.75,25.75,0.0,True,True,False
ES,2023-09-05,15.75,15.75,0.0,True,True,False
ES,2023-09-06,11.25,11.25,0.0,True,True,False
ES,2023-09-07,16.25,16.25,0.0,True,True,False
ES,2023-09-08,13.25,13.25,0.0,True,True,False
ES,2023-09-11,18.5,18.5,0.0,True,True,False
ES,2023-09-12,10.75,10.75,0.0,True,True,False
ES,2023-09-13,13.0,13.0,0.0,True,True,False
ES,2023-09-14,13.25,13.25,0.0,True,True,False
ES,2023-09-15,15.5,15.5,0.0,True,True,False
ES,2023-09-18,12.25,12.25,0.0,True,True,False
ES,2023-09-19,11.25,11.25,0.0,True,True,False
ES,2023-09-20,10.0,10.0,0.0,True,True,False
ES,2023-09-21,18.5,18.5,0.0,True,True,False
ES,2023-09-22,10.25,10.25,0.0,True,True,False
ES,2023-09-25,20.75,20.75,0.0,True,True,False
ES,2023-09-26,13.0,13.0,0.0,True,True,False
ES,2023-09-27,10.5,10.5,0.0,True,True,False
ES,2023-09-28,19.25,19.25,0.0,True,True,False
ES,2023-09-29,13.25,13.25,0.0,True,True,False
ES,2023-10-02,16.0,16.0,0.0,True,True,False
ES,2023-10-03,18.25,18.25,0.0,True,True,False
ES,2023-10-04,15.0,15.0,0.0,True,True,False
ES,2023-10-05,19.75,19.75,0.0,True,True,False
ES,2023-10-06,20.5,20.5,0.0,True,True,False
ES,2023-10-09,17.5,17.5,0.0,True,True,False
ES,2023-10-10,11.25,11.25,0.0,True,True,False
ES,2023-10-11,12.0,12.0,0.0,True,True,False
ES,2023-10-12,20.0,20.0,0.0,True,True,False
ES,2023-10-13,13.75,13.75,0.0,True,True,False
ES,2023-10-16,12.25,12.25,0.0,True,True,False
ES,2023-10-17,12.75,12.75,0.0,True,True,False
ES,2023-10-18,12.75,12.75,0.0,True,True,False
ES,2023-10-19,12.5,12.5,0.0,True,True,False
ES,2023-10-20,15.0,15.0,0.0,True,True,False
ES,2023-10-23,29.5,29.5,0.0,True,True,False
ES,2023-10-24,15.0,15.0,0.0,True,True,False
ES,2023-10-25,24.5,24.5,0.0,True,True,False
ES,2023-10-26,20.75,20.75,0.0,True,True,False
ES,2023-10-27,19.25,19.25,0.0,True,True,False
ES,2023-10-30,18.5,18.5,0.0,True,True,False
ES,2023-10-31,21.0,21.0,0.0,True,True,False
ES,2023-11-01,12.75,12.75,0.0,True,True,False
ES,2023-11-02,15.0,15.0,0.0,True,True,False
ES,2023-11-03,20.0,20.0,0.0,True,True,False
ES,2023-11-06,11.5,11.5,0.0,True,True,False
ES,2023-11-07,12.5,12.5,0.0,True,True,False
ES,2023-11-08,7.25,7.25,0.0,True,True,False
ES,2023-11-09,15.25,15.25,0.0,True,True,False
ES,2023-11-10,14.25,14.25,0.0,True,True,False
ES,2023-11-13,12.0,12.0,0.0,True,True,False
ES,2023-11-14,20.0,20.0,0.0,True,True,False
ES,2023-11-15,13.75,13.75,0.0,True,True,False
ES,2023-11-16,13.5,13.5,0.0,True,True,False
ES,2023-11-17,11.75,11.75,0.0,True,True,False
ES,2023-11-20,16.75,16.75,0.0,True,True,False
ES,2023-11-21,6.5,6.5,0.0,True,True,False
ES,2023-11-22,21.0,21.0,0.0,True,True,False
ES,2023-11-27,11.75,11.75,0.0,True,True,False
ES,2023-11-28,7.5,7.5,0.0,True,True,False
ES,2023-11-29,13.5,13.5,0.0,True,True,False
ES,2023-11-30,16.0,16.0,0.0,True,True,False
ES,2023-12-01,10.75,10.75,0.0,True,True,False
ES,2023-12-04,13.5,13.5,0.0,True,True,False
ES,2023-12-05,9.25,9.25,0.0,True,True,False
ES,2023-12-06,10.5,10.5,0.0,True,True,False
ES,2023-12-07,9.5,9.5,0.0,True,True,False
ES,2023-12-08,15.25,15.25,0.0,True,True,False
ES,2023-12-11,9.75,9.75,0.0,True,True,False
ES,2023-12-12,11.25,11.25,0.0,True,True,False
ES,2023-12-13,5.75,5.75,0.0,True,True,False
ES,2023-12-14,15.25,15.25,0.0,True,True,False
ES,2023-12-15,9.75,9.75,0.0,True,True,False
ES,2023-12-18,6.5,6.5,0.0,True,True,False
ES,2023-12-19,12.25,12.25,0.0,True,True,False
ES,2023-12-20,9.25,9.25,0.0,True,True,False
ES,2023-12-21,10.25,10.25,0.0,True,True,False
ES,2023-12-22,15.75,15.75,0.0,True,True,False
ES,2023-12-26,8.25,8.25,0.0,True,True,False
ES,2023-12-27,8.75,8.75,0.0,True,True,False
ES,2023-12-28,6.0,6.0,0.0,True,True,False
ES,2023-12-29,6.5,6.5,0.0,True,True,False
